{
  "gpt-4o-mini": {
    "category_counts": {
      "2": 60,
      "3": 15,
      "1": 54,
      "4": 162,
      "5": 86
    },
    "cum_accuracy_by_category": {
      "2": 22.94800000000001,
      "3": 4.556,
      "1": 21.665,
      "4": 101.59800000000004,
      "5": 24
    },
    "category_counts_by_memory": {
      "2": {
        "1": 10,
        "2": 5,
        "4": 7,
        "5": 3,
        "8": 7,
        "3": 9,
        "39": 1,
        "7": 2,
        "9": 3,
        "18": 2,
        "13": 1,
        "15": 3,
        "6": 2,
        "14": 1,
        "17": 1,
        "22": 1,
        "10": 1,
        "16": 1
      },
      "3": {
        "1": 2,
        "7": 2,
        "13": 1,
        "5": 1,
        "2": 2,
        "4": 2,
        "28": 1,
        "14": 1,
        "3": 3
      },
      "1": {
        "4": 3,
        "1": 16,
        "5": 3,
        "8": 1,
        "2": 10,
        "3": 6,
        "9": 3,
        "14": 2,
        "16": 2,
        "17": 2,
        "7": 2,
        "37": 1,
        "6": 1,
        "20": 1,
        "19": 1
      },
      "4": {
        "3": 13,
        "4": 9,
        "5": 4,
        "9": 6,
        "10": 10,
        "11": 7,
        "1": 9,
        "2": 14,
        "6": 7,
        "7": 7,
        "14": 7,
        "19": 3,
        "21": 5,
        "22": 3,
        "23": 2,
        "15": 2,
        "27": 3,
        "69": 1,
        "8": 10,
        "12": 6,
        "13": 3,
        "17": 7,
        "18": 3,
        "16": 5,
        "32": 1,
        "49": 1,
        "57": 2,
        "59": 2,
        "60": 4,
        "39": 1,
        "64": 1,
        "68": 1,
        "24": 1,
        "25": 1
      },
      "5": {
        "3": 7,
        "4": 6,
        "5": 2,
        "10": 9,
        "42": 1,
        "1": 6,
        "2": 6,
        "14": 3,
        "19": 1,
        "21": 4,
        "22": 3,
        "23": 1,
        "15": 1,
        "27": 1,
        "7": 3,
        "8": 2,
        "6": 5,
        "9": 3,
        "11": 3,
        "17": 2,
        "13": 2,
        "16": 5,
        "18": 2,
        "20": 1,
        "30": 2,
        "31": 1,
        "59": 1,
        "60": 1,
        "64": 1,
        "24": 1
      }
    },
    "cum_accuracy_by_category_by_memory": {
      "2": {
        "1": 4.841,
        "2": 1.417,
        "4": 2.317,
        "5": 0.821,
        "8": 3.154,
        "3": 4.72,
        "39": 0,
        "7": 0.857,
        "9": 0.286,
        "18": 0,
        "13": 0.571,
        "15": 1.584,
        "6": 1.167,
        "14": 0.333,
        "17": 0,
        "22": 0.308,
        "10": 0.286,
        "16": 0.286
      },
      "3": {
        "1": 0.222,
        "7": 0.667,
        "13": 0,
        "5": 0,
        "2": 0.667,
        "4": 0.5,
        "28": 0.5,
        "14": 0,
        "3": 2.0
      },
      "1": {
        "4": 1.907,
        "1": 5.9479999999999995,
        "5": 1.4040000000000001,
        "8": 1.0,
        "2": 4.4,
        "3": 3.263,
        "9": 1.149,
        "14": 0.7,
        "16": 0.649,
        "17": 0.0,
        "7": 0.393,
        "37": 0.0,
        "6": 0.111,
        "20": 0.433,
        "19": 0.308
      },
      "4": {
        "3": 9.001999999999999,
        "4": 5.778,
        "5": 1.533,
        "9": 3.3209999999999997,
        "10": 6.474,
        "11": 3.939,
        "1": 7.731,
        "2": 9.894,
        "6": 4.232,
        "7": 4.531,
        "14": 4.437,
        "19": 2.3040000000000003,
        "21": 3.5709999999999997,
        "22": 2.0,
        "23": 0.222,
        "15": 1.889,
        "27": 0.917,
        "69": 0,
        "8": 6.643999999999999,
        "12": 2.77,
        "13": 3.0,
        "17": 3.3150000000000004,
        "18": 2.143,
        "16": 4.1899999999999995,
        "32": 1.0,
        "49": 0.444,
        "57": 0.258,
        "59": 1.142,
        "60": 2.4290000000000003,
        "39": 0,
        "64": 0.571,
        "68": 0.25,
        "24": 1.0,
        "25": 0
      },
      "5": {
        "3": 2,
        "4": 2,
        "5": 0,
        "10": 0,
        "42": 1,
        "1": 1,
        "2": 1,
        "14": 2,
        "19": 1,
        "21": 3,
        "22": 2,
        "23": 0,
        "15": 1,
        "27": 0,
        "7": 0,
        "8": 0,
        "6": 2,
        "9": 0,
        "11": 1,
        "17": 1,
        "13": 1,
        "16": 1,
        "18": 1,
        "20": 0,
        "30": 0,
        "31": 0,
        "59": 0,
        "60": 0,
        "64": 1,
        "24": 0
      }
    },
    "context_length_counts": {
      "0": 2,
      "4": 5,
      "2": 4,
      "11": 1,
      "25": 1,
      "3": 3,
      "6": 3,
      "5": 1,
      "54": 2,
      "65": 1,
      "45": 2,
      "8": 2,
      "57": 1,
      "33": 1,
      "32": 1,
      "16": 1,
      "84": 1,
      "81": 1,
      "41": 1,
      "83": 1,
      "38": 1,
      "76": 1,
      "66": 1,
      "30": 1,
      "19": 2,
      "9": 3,
      "60": 1,
      "12": 1,
      "15": 1,
      "1": 2,
      "37": 1,
      "46": 1,
      "53": 1,
      "18": 1,
      "55": 1
    },
    "cum_accuracy_by_context_length": {
      "0": 1.667,
      "4": 2.066,
      "2": 1.643,
      "11": 0.25,
      "25": 0.5,
      "3": 1.516,
      "6": 0.333,
      "5": 1.0,
      "54": 1.267,
      "65": 0.25,
      "45": 0.75,
      "8": 0.33,
      "57": 0.174,
      "33": 0.75,
      "32": 0.5,
      "16": 0.0,
      "84": 0.222,
      "81": 0.762,
      "41": 0.333,
      "83": 0.171,
      "38": 0.0,
      "76": 0.111,
      "66": 0.399,
      "30": 0.433,
      "19": 0.472,
      "9": 1.808,
      "60": 0.074,
      "12": 0.333,
      "15": 0.444,
      "1": 1.0,
      "37": 0.0,
      "46": 0.407,
      "53": 0.2,
      "18": 1.0,
      "55": 0.5
    }
  }
}