{
  "gpt-4-turbo": {
    "category_counts": {
      "2": 60,
      "3": 15,
      "1": 54,
      "4": 164,
      "5": 86
    },
    "cum_accuracy_by_category": {
      "2": 29.40600000000001,
      "3": 4.353,
      "1": 25.695000000000004,
      "4": 130.198,
      "5": 32
    },
    "category_counts_by_memory": {
      "2": {
        "1": 10,
        "2": 5,
        "4": 7,
        "5": 3,
        "8": 7,
        "3": 9,
        "39": 1,
        "7": 2,
        "9": 3,
        "18": 2,
        "13": 1,
        "15": 3,
        "6": 2,
        "14": 1,
        "17": 1,
        "22": 1,
        "10": 1,
        "16": 1
      },
      "3": {
        "1": 2,
        "7": 2,
        "13": 1,
        "5": 1,
        "2": 2,
        "4": 2,
        "28": 1,
        "14": 1,
        "3": 3
      },
      "1": {
        "4": 3,
        "1": 16,
        "5": 3,
        "8": 1,
        "2": 10,
        "3": 6,
        "9": 3,
        "14": 2,
        "16": 2,
        "17": 2,
        "7": 2,
        "37": 1,
        "6": 1,
        "20": 1,
        "19": 1
      },
      "4": {
        "3": 13,
        "4": 9,
        "5": 4,
        "9": 6,
        "10": 10,
        "11": 7,
        "1": 9,
        "2": 14,
        "6": 7,
        "7": 7,
        "14": 7,
        "19": 3,
        "21": 5,
        "22": 3,
        "23": 2,
        "15": 2,
        "27": 3,
        "69": 1,
        "8": 10,
        "12": 6,
        "13": 3,
        "17": 7,
        "18": 3,
        "16": 5,
        "32": 1,
        "48": 2,
        "49": 1,
        "57": 2,
        "59": 2,
        "60": 4,
        "39": 1,
        "64": 1,
        "68": 1,
        "24": 1,
        "25": 1
      },
      "5": {
        "3": 7,
        "4": 6,
        "5": 2,
        "10": 9,
        "42": 1,
        "1": 6,
        "2": 6,
        "14": 3,
        "19": 1,
        "21": 4,
        "22": 3,
        "23": 1,
        "15": 1,
        "27": 1,
        "7": 3,
        "8": 2,
        "6": 5,
        "9": 3,
        "11": 3,
        "17": 2,
        "13": 2,
        "16": 5,
        "18": 2,
        "20": 1,
        "30": 2,
        "31": 1,
        "59": 1,
        "60": 1,
        "64": 1,
        "24": 1
      }
    },
    "cum_accuracy_by_category_by_memory": {
      "2": {
        "1": 6.141,
        "2": 1.417,
        "4": 2.834,
        "5": 1.75,
        "8": 3.3,
        "3": 4.87,
        "39": 0,
        "7": 1.5,
        "9": 1.286,
        "18": 0,
        "13": 0.667,
        "15": 1.62,
        "6": 1.4,
        "14": 0.571,
        "17": 0,
        "22": 0.8,
        "10": 0.75,
        "16": 0.5
      },
      "3": {
        "1": 0.286,
        "7": 0,
        "13": 0,
        "5": 0,
        "2": 0,
        "4": 0.4,
        "28": 0,
        "14": 0.667,
        "3": 3.0
      },
      "1": {
        "4": 1.808,
        "1": 9.248000000000001,
        "5": 1.8860000000000001,
        "8": 1.0,
        "2": 4.177,
        "3": 3.183,
        "9": 1.222,
        "14": 0.667,
        "16": 1.036,
        "17": 0.074,
        "7": 0.586,
        "37": 0.0,
        "6": 0.167,
        "20": 0.333,
        "19": 0.308
      },
      "4": {
        "3": 10.102,
        "4": 7.211,
        "5": 3.483,
        "9": 5.364,
        "10": 9.446,
        "11": 4.346000000000001,
        "1": 7.881,
        "2": 11.779,
        "6": 5.821,
        "7": 5.061,
        "14": 5.492999999999999,
        "19": 2.351,
        "21": 4.0,
        "22": 2.0,
        "23": 0.5,
        "15": 2.0,
        "27": 1.221,
        "69": 0,
        "8": 9.667,
        "12": 5.236,
        "13": 3.0,
        "17": 3.6319999999999997,
        "18": 2.667,
        "16": 4.038,
        "32": 1.0,
        "48": 2.0,
        "49": 0.615,
        "57": 1.2,
        "59": 1.5,
        "60": 3.5,
        "39": 1.0,
        "64": 0.75,
        "68": 0.667,
        "24": 1.0,
        "25": 0
      },
      "5": {
        "3": 1,
        "4": 3,
        "5": 1,
        "10": 2,
        "42": 1,
        "1": 1,
        "2": 3,
        "14": 3,
        "19": 1,
        "21": 2,
        "22": 2,
        "23": 1,
        "15": 0,
        "27": 0,
        "7": 2,
        "8": 1,
        "6": 1,
        "9": 0,
        "11": 0,
        "17": 1,
        "13": 0,
        "16": 2,
        "18": 2,
        "20": 0,
        "30": 0,
        "31": 0,
        "59": 0,
        "60": 0,
        "64": 1,
        "24": 1
      }
    },
    "context_length_counts": {
      "0": 2,
      "4": 5,
      "2": 4,
      "11": 1,
      "25": 1,
      "3": 3,
      "6": 3,
      "5": 1,
      "54": 2,
      "65": 1,
      "45": 2,
      "8": 2,
      "57": 1,
      "33": 1,
      "32": 1,
      "16": 1,
      "84": 1,
      "81": 1,
      "41": 1,
      "83": 1,
      "38": 1,
      "76": 1,
      "66": 1,
      "30": 1,
      "19": 2,
      "9": 3,
      "60": 1,
      "12": 1,
      "15": 1,
      "1": 2,
      "37": 1,
      "46": 1,
      "53": 1,
      "18": 1,
      "55": 1
    },
    "cum_accuracy_by_context_length": {
      "0": 1.667,
      "4": 1.722,
      "2": 2.143,
      "11": 0.727,
      "25": 0.25,
      "3": 1.8780000000000001,
      "6": 1.0,
      "5": 1.0,
      "54": 1.333,
      "65": 0.5,
      "45": 1.0,
      "8": 0.33,
      "57": 0.0,
      "33": 0.75,
      "32": 0.5,
      "16": 0.074,
      "84": 0.333,
      "81": 0.273,
      "41": 0.333,
      "83": 0.364,
      "38": 0.0,
      "76": 0.167,
      "66": 0.536,
      "30": 0.333,
      "19": 0.472,
      "9": 1.7750000000000001,
      "60": 0.556,
      "12": 0.667,
      "15": 0.933,
      "1": 2.0,
      "37": 0.071,
      "46": 0.308,
      "53": 0.2,
      "18": 1.0,
      "55": 0.5
    }
  }
}